movie_id,cast
1,Tom Hanks|Meryl Streep|Denzel Washington
2,Meryl Streep|Denzel Washington|Cate Blanchett|Brad Pitt
3,Denzel Washington|Cate Blanchett|Brad Pitt|Angelina Jolie|Johnny Depp
4,Cate Blanchett|Brad Pitt|Angelina Jolie
5,Brad Pitt|Angelina Jolie|Johnny Depp|Leonardo DiCaprio
6,Angelina Jolie|Johnny Depp|Leonardo DiCaprio|Kate Winslet|Matt Damon
7,Johnny Depp|Leonardo DiCaprio|Kate Winslet
8,Leonardo DiCaprio|Kate Winslet|Matt Damon|Tom Cruise
9,Kate Winslet|Matt Damon|Tom Cruise|Will Smith|Keanu Reeves
10,Matt Damon|Tom Cruise|Will Smith
11,Tom Cruise|Will Smith|Keanu Reeves|Sandra Bullock
12,Will Smith|Keanu Reeves|Sandra Bullock|Robert Downey Jr.|Scarlett Johansson
13,Keanu Reeves|Sandra Bullock|Robert Downey Jr.
14,Sandra Bullock|Robert Downey Jr.|Scarlett Johansson|Chris Hemsworth
15,Robert Downey Jr.|Scarlett Johansson|Chris Hemsworth|Harrison Ford|Morgan Freeman
16,Scarlett Johansson|Chris Hemsworth|Harrison Ford
17,Chris Hemsworth|Harrison Ford|Morgan Freeman|Jack Nicholson
18,Harrison Ford|Morgan Freeman|Jack Nicholson|Al Pacino|Marlon Brando
19,Morgan Freeman|Jack Nicholson|Al Pacino
20,Jack Nicholson|Al Pacino|Marlon Brando|Anthony Hopkins
21,Al Pacino|Marlon Brando|Anthony Hopkins|Viola Davis|Frances McDormand
22,Marlon Brando|Anthony Hopkins|Viola Davis
23,Anthony Hopkins|Viola Davis|Frances McDormand|Jennifer Lawrence
24,Viola Davis|Frances McDormand|Jennifer Lawrence|Michelle Yeoh|Austin Butler
25,Frances McDormand|Jennifer Lawrence|Michelle Yeoh
26,Jennifer Lawrence|Michelle Yeoh|Austin Butler|Saoirse Ronan
27,Michelle Yeoh|Austin Butler|Saoirse Ronan|Oscar Isaac|Timothée Chalamet
28,Austin Butler|Saoirse Ronan|Oscar Isaac
29,Saoirse Ronan|Oscar Isaac|Timothée Chalamet|Anya Taylor-Joy
30,Oscar Isaac|Timothée Chalamet|Anya Taylor-Joy|Adam Driver
31,Timothée Chalamet|Anya Taylor-Joy|Adam Driver
32,Anya Taylor-Joy|Adam Driver
33,Adam Driver
34,Tom Hanks|Meryl Streep|Denzel Washington
35,Meryl Streep|Denzel Washington|Cate Blanchett|Brad Pitt
36,Denzel Washington|Cate Blanchett|Brad Pitt|Angelina Jolie|Johnny Depp
37,Cate Blanchett|Brad Pitt|Angelina Jolie
38,Brad Pitt|Angelina Jolie|Johnny Depp|Leonardo DiCaprio
39,Angelina Jolie|Johnny Depp|Leonardo DiCaprio|Kate Winslet|Matt Damon
40,Johnny Depp|Leonardo DiCaprio|Kate Winslet
41,Leonardo DiCaprio|Kate Winslet|Matt Damon|Tom Cruise
42,Kate Winslet|Matt Damon|Tom Cruise|Will Smith|Keanu Reeves
43,Matt Damon|Tom Cruise|Will Smith
44,Tom Cruise|Will Smith|Keanu Reeves|Sandra Bullock
45,Will Smith|Keanu Reeves|Sandra Bullock|Robert Downey Jr.|Scarlett Johansson
46,Keanu Reeves|Sandra Bullock|Robert Downey Jr.
47,Sandra Bullock|Robert Downey Jr.|Scarlett Johansson|Chris Hemsworth
48,Robert Downey Jr.|Scarlett Johansson|Chris Hemsworth|Harrison Ford|Morgan Freeman
49,Scarlett Johansson|Chris Hemsworth|Harrison Ford
50,Chris Hemsworth|Harrison Ford|Morgan Freeman|Jack Nicholson
51,Harrison Ford|Morgan Freeman|Jack Nicholson|Al Pacino|Marlon Brando
52,Morgan Freeman|Jack Nicholson|Al Pacino
53,Jack Nicholson|Al Pacino|Marlon Brando|Anthony Hopkins
54,Al Pacino|Marlon Brando|Anthony Hopkins|Viola Davis|Frances McDormand
55,Marlon Brando|Anthony Hopkins|Viola Davis
56,Anthony Hopkins|Viola Davis|Frances McDormand|Jennifer Lawrence
57,Viola Davis|Frances McDormand|Jennifer Lawrence|Michelle Yeoh|Austin Butler
58,Frances McDormand|Jennifer Lawrence|Michelle Yeoh
59,Jennifer Lawrence|Michelle Yeoh|Austin Butler|Saoirse Ronan
60,Michelle Yeoh|Austin Butler|Saoirse Ronan|Oscar Isaac|Timothée Chalamet
61,Austin Butler|Saoirse Ronan|Oscar Isaac
62,Saoirse Ronan|Oscar Isaac|Timothée Chalamet|Anya Taylor-Joy
63,Oscar Isaac|Timothée Chalamet|Anya Taylor-Joy|Adam Driver
64,Timothée Chalamet|Anya Taylor-Joy|Adam Driver
65,Anya Taylor-Joy|Adam Driver
66,Adam Driver
67,Tom Hanks|Meryl Streep|Denzel Washington
68,Meryl Streep|Denzel Washington|Cate Blanchett|Brad Pitt
69,Denzel Washington|Cate Blanchett|Brad Pitt|Angelina Jolie|Johnny Depp
70,Cate Blanchett|Brad Pitt|Angelina Jolie
71,Brad Pitt|Angelina Jolie|Johnny Depp|Leonardo DiCaprio
72,Angelina Jolie|Johnny Depp|Leonardo DiCaprio|Kate Winslet|Matt Damon
73,Johnny Depp|Leonardo DiCaprio|Kate Winslet
74,Leonardo DiCaprio|Kate Winslet|Matt Damon|Tom Cruise
75,Kate Winslet|Matt Damon|Tom Cruise|Will Smith|Keanu Reeves
76,Matt Damon|Tom Cruise|Will Smith
77,Tom Cruise|Will Smith|Keanu Reeves|Sandra Bullock
78,Will Smith|Keanu Reeves|Sandra Bullock|Robert Downey Jr.|Scarlett Johansson
79,Keanu Reeves|Sandra Bullock|Robert Downey Jr.
80,Sandra Bullock|Robert Downey Jr.|Scarlett Johansson|Chris Hemsworth
81,Robert Downey Jr.|Scarlett Johansson|Chris Hemsworth|Harrison Ford|Morgan Freeman
82,Scarlett Johansson|Chris Hemsworth|Harrison Ford
83,Chris Hemsworth|Harrison Ford|Morgan Freeman|Jack Nicholson
84,Harrison Ford|Morgan Freeman|Jack Nicholson|Al Pacino|Marlon Brando
85,Morgan Freeman|Jack Nicholson|Al Pacino
86,Jack Nicholson|Al Pacino|Marlon Brando|Anthony Hopkins
87,Al Pacino|Marlon Brando|Anthony Hopkins|Viola Davis|Frances McDormand
88,Marlon Brando|Anthony Hopkins|Viola Davis
89,Anthony Hopkins|Viola Davis|Frances McDormand|Jennifer Lawrence
90,Viola Davis|Frances McDormand|Jennifer Lawrence|Michelle Yeoh|Austin Butler
91,Frances McDormand|Jennifer Lawrence|Michelle Yeoh
92,Jennifer Lawrence|Michelle Yeoh|Austin Butler|Saoirse Ronan
93,Michelle Yeoh|Austin Butler|Saoirse Ronan|Oscar Isaac|Timothée Chalamet
94,Austin Butler|Saoirse Ronan|Oscar Isaac
95,Saoirse Ronan|Oscar Isaac|Timothée Chalamet|Anya Taylor-Joy
96,Oscar Isaac|Timothée Chalamet|Anya Taylor-Joy|Adam Driver
97,Timothée Chalamet|Anya Taylor-Joy|Adam Driver
98,Anya Taylor-Joy|Adam Driver
99,Adam Driver
100,Tom Hanks|Meryl Streep|Denzel Washington
101,Meryl Streep|Denzel Washington|Cate Blanchett|Brad Pitt
102,Denzel Washington|Cate Blanchett|Brad Pitt|Angelina Jolie|Johnny Depp
103,Cate Blanchett|Brad Pitt|Angelina Jolie
104,Brad Pitt|Angelina Jolie|Johnny Depp|Leonardo DiCaprio
105,Angelina Jolie|Johnny Depp|Leonardo DiCaprio|Kate Winslet|Matt Damon
106,Johnny Depp|Leonardo DiCaprio|Kate Winslet
107,Leonardo DiCaprio|Kate Winslet|Matt Damon|Tom Cruise
108,Kate Winslet|Matt Damon|Tom Cruise|Will Smith|Keanu Reeves
109,Matt Damon|Tom Cruise|Will Smith
110,Tom Cruise|Will Smith|Keanu Reeves|Sandra Bullock
111,Will Smith|Keanu Reeves|Sandra Bullock|Robert Downey Jr.|Scarlett Johansson
112,Keanu Reeves|Sandra Bullock|Robert Downey Jr.
113,Sandra Bullock|Robert Downey Jr.|Scarlett Johansson|Chris Hemsworth
114,Robert Downey Jr.|Scarlett Johansson|Chris Hemsworth|Harrison Ford|Morgan Freeman
115,Scarlett Johansson|Chris Hemsworth|Harrison Ford
116,Chris Hemsworth|Harrison Ford|Morgan Freeman|Jack Nicholson
117,Harrison Ford|Morgan Freeman|Jack Nicholson|Al Pacino|Marlon Brando
118,Morgan Freeman|Jack Nicholson|Al Pacino
119,Jack Nicholson|Al Pacino|Marlon Brando|Anthony Hopkins
120,Al Pacino|Marlon Brando|Anthony Hopkins|Viola Davis|Frances McDormand
121,Marlon Brando|Anthony Hopkins|Viola Davis
122,Anthony Hopkins|Viola Davis|Frances McDormand|Jennifer Lawrence
123,Viola Davis|Frances McDormand|Jennifer Lawrence|Michelle Yeoh|Austin Butler
124,Frances McDormand|Jennifer Lawrence|Michelle Yeoh
125,Jennifer Lawrence|Michelle Yeoh|Austin Butler|Saoirse Ronan
126,Michelle Yeoh|Austin Butler|Saoirse Ronan|Oscar Isaac|Timothée Chalamet
127,Austin Butler|Saoirse Ronan|Oscar Isaac
128,Saoirse Ronan|Oscar Isaac|Timothée Chalamet|Anya Taylor-Joy
129,Oscar Isaac|Timothée Chalamet|Anya Taylor-Joy|Adam Driver
130,Timothée Chalamet|Anya Taylor-Joy|Adam Driver
131,Anya Taylor-Joy|Adam Driver
132,Adam Driver
133,Tom Hanks|Meryl Streep|Denzel Washington
134,Meryl Streep|Denzel Washington|Cate Blanchett|Brad Pitt
135,Denzel Washington|Cate Blanchett|Brad Pitt|Angelina Jolie|Johnny Depp
136,Cate Blanchett|Brad Pitt|Angelina Jolie
137,Brad Pitt|Angelina Jolie|Johnny Depp|Leonardo DiCaprio
138,Angelina Jolie|Johnny Depp|Leonardo DiCaprio|Kate Winslet|Matt Damon
139,Johnny Depp|Leonardo DiCaprio|Kate Winslet
140,Leonardo DiCaprio|Kate Winslet|Matt Damon|Tom Cruise
141,Kate Winslet|Matt Damon|Tom Cruise|Will Smith|Keanu Reeves
142,Matt Damon|Tom Cruise|Will Smith
143,Tom Cruise|Will Smith|Keanu Reeves|Sandra Bullock
144,Will Smith|Keanu Reeves|Sandra Bullock|Robert Downey Jr.|Scarlett Johansson
145,Keanu Reeves|Sandra Bullock|Robert Downey Jr.
146,Sandra Bullock|Robert Downey Jr.|Scarlett Johansson|Chris Hemsworth
147,Robert Downey Jr.|Scarlett Johansson|Chris Hemsworth|Harrison Ford|Morgan Freeman
148,Scarlett Johansson|Chris Hemsworth|Harrison Ford
149,Chris Hemsworth|Harrison Ford|Morgan Freeman|Jack Nicholson
150,Harrison Ford|Morgan Freeman|Jack Nicholson|Al Pacino|Marlon Brando
151,Morgan Freeman|Jack Nicholson|Al Pacino
152,Jack Nicholson|Al Pacino|Marlon Brando|Anthony Hopkins
153,Al Pacino|Marlon Brando|Anthony Hopkins|Viola Davis|Frances McDormand
154,Marlon Brando|Anthony Hopkins|Viola Davis
155,Anthony Hopkins|Viola Davis|Frances McDormand|Jennifer Lawrence
156,Viola Davis|Frances McDormand|Jennifer Lawrence|Michelle Yeoh|Austin Butler
157,Frances McDormand|Jennifer Lawrence|Michelle Yeoh
158,Jennifer Lawrence|Michelle Yeoh|Austin Butler|Saoirse Ronan
159,Michelle Yeoh|Austin Butler|Saoirse Ronan|Oscar Isaac|Timothée Chalamet
160,Austin Butler|Saoirse Ronan|Oscar Isaac
161,Saoirse Ronan|Oscar Isaac|Timothée Chalamet|Anya Taylor-Joy
162,Oscar Isaac|Timothée Chalamet|Anya Taylor-Joy|Adam Driver
163,Timothée Chalamet|Anya Taylor-Joy|Adam Driver
164,Anya Taylor-Joy|Adam Driver
165,Adam Driver
166,Tom Hanks|Meryl Streep|Denzel Washington
167,Meryl Streep|Denzel Washington|Cate Blanchett|Brad Pitt
168,Denzel Washington|Cate Blanchett|Brad Pitt|Angelina Jolie|Johnny Depp
169,Cate Blanchett|Brad Pitt|Angelina Jolie
170,Brad Pitt|Angelina Jolie|Johnny Depp|Leonardo DiCaprio
171,Angelina Jolie|Johnny Depp|Leonardo DiCaprio|Kate Winslet|Matt Damon
172,Johnny Depp|Leonardo DiCaprio|Kate Winslet
173,Leonardo DiCaprio|Kate Winslet|Matt Damon|Tom Cruise
174,Kate Winslet|Matt Damon|Tom Cruise|Will Smith|Keanu Reeves
175,Matt Damon|Tom Cruise|Will Smith
176,Tom Cruise|Will Smith|Keanu Reeves|Sandra Bullock
177,Will Smith|Keanu Reeves|Sandra Bullock|Robert Downey Jr.|Scarlett Johansson
178,Keanu Reeves|Sandra Bullock|Robert Downey Jr.
179,Sandra Bullock|Robert Downey Jr.|Scarlett Johansson|Chris Hemsworth
180,Robert Downey Jr.|Scarlett Johansson|Chris Hemsworth|Harrison Ford|Morgan Freeman
181,Scarlett Johansson|Chris Hemsworth|Harrison Ford
182,Chris Hemsworth|Harrison Ford|Morgan Freeman|Jack Nicholson
183,Harrison Ford|Morgan Freeman|Jack Nicholson|Al Pacino|Marlon Brando
184,Morgan Freeman|Jack Nicholson|Al Pacino
185,Jack Nicholson|Al Pacino|Marlon Brando|Anthony Hopkins
186,Al Pacino|Marlon Brando|Anthony Hopkins|Viola Davis|Frances McDormand
187,Marlon Brando|Anthony Hopkins|Viola Davis
188,Anthony Hopkins|Viola Davis|Frances McDormand|Jennifer Lawrence
189,Viola Davis|Frances McDormand|Jennifer Lawrence|Michelle Yeoh|Austin Butler
190,Frances McDormand|Jennifer Lawrence|Michelle Yeoh
191,Jennifer Lawrence|Michelle Yeoh|Austin Butler|Saoirse Ronan
192,Michelle Yeoh|Austin Butler|Saoirse Ronan|Oscar Isaac|Timothée Chalamet
193,Austin Butler|Saoirse Ronan|Oscar Isaac
194,Saoirse Ronan|Oscar Isaac|Timothée Chalamet|Anya Taylor-Joy
195,Oscar Isaac|Timothée Chalamet|Anya Taylor-Joy|Adam Driver
196,Timothée Chalamet|Anya Taylor-Joy|Adam Driver
197,Anya Taylor-Joy|Adam Driver
198,Adam Driver
199,Tom Hanks|Meryl Streep|Denzel Washington
200,Meryl Streep|Denzel Washington|Cate Blanchett|Brad Pitt
201,Denzel Washington|Cate Blanchett|Brad Pitt|Angelina Jolie|Johnny Depp
202,Cate Blanchett|Brad Pitt|Angelina Jolie
203,Brad Pitt|Angelina Jolie|Johnny Depp|Leonardo DiCaprio
204,Angelina Jolie|Johnny Depp|Leonardo DiCaprio|Kate Winslet|Matt Damon
205,Johnny Depp|Leonardo DiCaprio|Kate Winslet
206,Leonardo DiCaprio|Kate Winslet|Matt Damon|Tom Cruise
207,Kate Winslet|Matt Damon|Tom Cruise|Will Smith|Keanu Reeves
208,Matt Damon|Tom Cruise|Will Smith
209,Tom Cruise|Will Smith|Keanu Reeves|Sandra Bullock
210,Will Smith|Keanu Reeves|Sandra Bullock|Robert Downey Jr.|Scarlett Johansson
211,Keanu Reeves|Sandra Bullock|Robert Downey Jr.
212,Sandra Bullock|Robert Downey Jr.|Scarlett Johansson|Chris Hemsworth
213,Robert Downey Jr.|Scarlett Johansson|Chris Hemsworth|Harrison Ford|Morgan Freeman
214,Scarlett Johansson|Chris Hemsworth|Harrison Ford
215,Chris Hemsworth|Harrison Ford|Morgan Freeman|Jack Nicholson
216,Harrison Ford|Morgan Freeman|Jack Nicholson|Al Pacino|Marlon Brando
217,Morgan Freeman|Jack Nicholson|Al Pacino
218,Jack Nicholson|Al Pacino|Marlon Brando|Anthony Hopkins
219,Al Pacino|Marlon Brando|Anthony Hopkins|Viola Davis|Frances McDormand
220,Marlon Brando|Anthony Hopkins|Viola Davis
221,Anthony Hopkins|Viola Davis|Frances McDormand|Jennifer Lawrence
222,Viola Davis|Frances McDormand|Jennifer Lawrence|Michelle Yeoh|Austin Butler
223,Frances McDormand|Jennifer Lawrence|Michelle Yeoh
224,Jennifer Lawrence|Michelle Yeoh|Austin Butler|Saoirse Ronan
225,Michelle Yeoh|Austin Butler|Saoirse Ronan|Oscar Isaac|Timothée Chalamet
226,Austin Butler|Saoirse Ronan|Oscar Isaac
227,Saoirse Ronan|Oscar Isaac|Timothée Chalamet|Anya Taylor-Joy
228,Oscar Isaac|Timothée Chalamet|Anya Taylor-Joy|Adam Driver
229,Timothée Chalamet|Anya Taylor-Joy|Adam Driver
230,Anya Taylor-Joy|Adam Driver
231,Adam Driver
232,Tom Hanks|Meryl Streep|Denzel Washington
233,Meryl Streep|Denzel Washington|Cate Blanchett|Brad Pitt
234,Denzel Washington|Cate Blanchett|Brad Pitt|Angelina Jolie|Johnny Depp
235,Cate Blanchett|Brad Pitt|Angelina Jolie
236,Brad Pitt|Angelina Jolie|Johnny Depp|Leonardo DiCaprio
230,Angelina Jolie|Johnny Depp|Leonardo DiCaprio|Kate Winslet|Matt Damon
231,Johnny Depp|Leonardo DiCaprio|Kate Winslet
232,Leonardo DiCaprio|Kate Winslet|Matt Damon|Tom Cruise
233,Kate Winslet|Matt Damon|Tom Cruise|Will Smith|Keanu Reeves
234,Matt Damon|Tom Cruise|Will Smith
235,Tom Cruise|Will Smith|Keanu Reeves|Sandra Bullock
236,Will Smith|Keanu Reeves|Sandra Bullock|Robert Downey Jr.|Scarlett Johansson
237,Keanu Reeves|Sandra Bullock|Robert Downey Jr.
238,Sandra Bullock|Robert Downey Jr.|Scarlett Johansson|Chris Hemsworth
239,Robert Downey Jr.|Scarlett Johansson|Chris Hemsworth|Harrison Ford|Morgan Freeman
240,Scarlett Johansson|Chris Hemsworth|Harrison Ford
241,Chris Hemsworth|Harrison Ford|Morgan Freeman|Jack Nicholson
242,Harrison Ford|Morgan Freeman|Jack Nicholson|Al Pacino|Marlon Brando
243,Morgan Freeman|Jack Nicholson|Al Pacino
244,Jack Nicholson|Al Pacino|Marlon Brando|Anthony Hopkins
245,Al Pacino|Marlon Brando|Anthony Hopkins|Viola Davis|Frances McDormand
246,Marlon Brando|Anthony Hopkins|Viola Davis
247,Anthony Hopkins|Viola Davis|Frances McDormand|Jennifer Lawrence
248,Viola Davis|Frances McDormand|Jennifer Lawrence|Michelle Yeoh|Austin Butler
249,Frances McDormand|Jennifer Lawrence|Michelle Yeoh
250,Jennifer Lawrence|Michelle Yeoh|Austin Butler|Saoirse Ronan
251,Michelle Yeoh|Austin Butler|Saoirse Ronan|Oscar Isaac|Timothée Chalamet
252,Austin Butler|Saoirse Ronan|Oscar Isaac
253,Saoirse Ronan|Oscar Isaac|Timothée Chalamet|Anya Taylor-Joy
254,Oscar Isaac|Timothée Chalamet|Anya Taylor-Joy|Adam Driver
255,Timothée Chalamet|Anya Taylor-Joy|Adam Driver
256,Anya Taylor-Joy|Adam Driver
257,Adam Driver
258,Tom Hanks|Meryl Streep|Denzel Washington
259,Meryl Streep|Denzel Washington|Cate Blanchett|Brad Pitt
260,Denzel Washington|Cate Blanchett|Brad Pitt|Angelina Jolie|Johnny Depp
261,Cate Blanchett|Brad Pitt|Angelina Jolie
262,Brad Pitt|Angelina Jolie|Johnny Depp|Leonardo DiCaprio
263,Angelina Jolie|Johnny Depp|Leonardo DiCaprio|Kate Winslet|Matt Damon
264,Johnny Depp|Leonardo DiCaprio|Kate Winslet
265,Leonardo DiCaprio|Kate Winslet|Matt Damon|Tom Cruise
266,Kate Winslet|Matt Damon|Tom Cruise|Will Smith|Keanu Reeves
267,Matt Damon|Tom Cruise|Will Smith
268,Tom Cruise|Will Smith|Keanu Reeves|Sandra Bullock
269,Will Smith|Keanu Reeves|Sandra Bullock|Robert Downey Jr.|Scarlett Johansson
270,Keanu Reeves|Sandra Bullock|Robert Downey Jr.
271,Sandra Bullock|Robert Downey Jr.|Scarlett Johansson|Chris Hemsworth
272,Robert Downey Jr.|Scarlett Johansson|Chris Hemsworth|Harrison Ford|Morgan Freeman
273,Scarlett Johansson|Chris Hemsworth|Harrison Ford
274,Chris Hemsworth|Harrison Ford|Morgan Freeman|Jack Nicholson
275,Harrison Ford|Morgan Freeman|Jack Nicholson|Al Pacino|Marlon Brando
276,Morgan Freeman|Jack Nicholson|Al Pacino
277,Jack Nicholson|Al Pacino|Marlon Brando|Anthony Hopkins
278,Al Pacino|Marlon Brando|Anthony Hopkins|Viola Davis|Frances McDormand
279,Marlon Brando|Anthony Hopkins|Viola Davis
280,Anthony Hopkins|Viola Davis|Frances McDormand|Jennifer Lawrence
281,Viola Davis|Frances McDormand|Jennifer Lawrence|Michelle Yeoh|Austin Butler
282,Frances McDormand|Jennifer Lawrence|Michelle Yeoh
283,Jennifer Lawrence|Michelle Yeoh|Austin Butler|Saoirse Ronan
284,Michelle Yeoh|Austin Butler|Saoirse Ronan|Oscar Isaac|Timothée Chalamet
285,Austin Butler|Saoirse Ronan|Oscar Isaac
286,Saoirse Ronan|Oscar Isaac|Timothée Chalamet|Anya Taylor-Joy
287,Oscar Isaac|Timothée Chalamet|Anya Taylor-Joy|Adam Driver
288,Timothée Chalamet|Anya Taylor-Joy|Adam Driver
289,Anya Taylor-Joy|Adam Driver
290,Adam Driver
291,Tom Hanks|Meryl Streep|Denzel Washington
292,Meryl Streep|Denzel Washington|Cate Blanchett|Brad Pitt
293,Denzel Washington|Cate Blanchett|Brad Pitt|Angelina Jolie|Johnny Depp
294,Cate Blanchett|Brad Pitt|Angelina Jolie
295,Brad Pitt|Angelina Jolie|Johnny Depp|Leonardo DiCaprio
296,Angelina Jolie|Johnny Depp|Leonardo DiCaprio|Kate Winslet|Matt Damon
297,Johnny Depp|Leonardo DiCaprio|Kate Winslet
298,Leonardo DiCaprio|Kate Winslet|Matt Damon|Tom Cruise
299,Kate Winslet|Matt Damon|Tom Cruise|Will Smith|Keanu Reeves
300,Matt Damon|Tom Cruise|Will Smith
301,Tom Cruise|Will Smith|Keanu Reeves|Sandra Bullock
302,Will Smith|Keanu Reeves|Sandra Bullock|Robert Downey Jr.|Scarlett Johansson
303,Keanu Reeves|Sandra Bullock|Robert Downey Jr.
304,Sandra Bullock|Robert Downey Jr.|Scarlett Johansson|Chris Hemsworth
305,Robert Downey Jr.|Scarlett Johansson|Chris Hemsworth|Harrison Ford|Morgan Freeman
306,Scarlett Johansson|Chris Hemsworth|Harrison Ford
307,Chris Hemsworth|Harrison Ford|Morgan Freeman|Jack Nicholson
308,Harrison Ford|Morgan Freeman|Jack Nicholson|Al Pacino|Marlon Brando
309,Morgan Freeman|Jack Nicholson|Al Pacino
310,Jack Nicholson|Al Pacino|Marlon Brando|Anthony Hopkins
311,Al Pacino|Marlon Brando|Anthony Hopkins|Viola Davis|Frances McDormand
312,Marlon Brando|Anthony Hopkins|Viola Davis
313,Anthony Hopkins|Viola Davis|Frances McDormand|Jennifer Lawrence
314,Viola Davis|Frances McDormand|Jennifer Lawrence|Michelle Yeoh|Austin Butler
315,Frances McDormand|Jennifer Lawrence|Michelle Yeoh
316,Jennifer Lawrence|Michelle Yeoh|Austin Butler|Saoirse Ronan
317,Michelle Yeoh|Austin Butler|Saoirse Ronan|Oscar Isaac|Timothée Chalamet
318,Austin Butler|Saoirse Ronan|Oscar Isaac
319,Saoirse Ronan|Oscar Isaac|Timothée Chalamet|Anya Taylor-Joy
320,Oscar Isaac|Timothée Chalamet|Anya Taylor-Joy|Adam Driver
321,Timothée Chalamet|Anya Taylor-Joy|Adam Driver
322,Anya Taylor-Joy|Adam Driver
323,Adam Driver
324,Tom Hanks|Meryl Streep|Denzel Washington
325,Meryl Streep|Denzel Washington|Cate Blanchett|Brad Pitt
326,Denzel Washington|Cate Blanchett|Brad Pitt|Angelina Jolie|Johnny Depp
327,Cate Blanchett|Brad Pitt|Angelina Jolie
328,Brad Pitt|Angelina Jolie|Johnny Depp|Leonardo DiCaprio
329,Angelina Jolie|Johnny Depp|Leonardo DiCaprio|Kate Winslet|Matt Damon
330,Johnny Depp|Leonardo DiCaprio|Kate Winslet
331,Leonardo DiCaprio|Kate Winslet|Matt Damon|Tom Cruise
332,Kate Winslet|Matt Damon|Tom Cruise|Will Smith|Keanu Reeves
333,Matt Damon|Tom Cruise|Will Smith
334,Tom Cruise|Will Smith|Keanu Reeves|Sandra Bullock
335,Will Smith|Keanu Reeves|Sandra Bullock|Robert Downey Jr.|Scarlett Johansson
336,Keanu Reeves|Sandra Bullock|Robert Downey Jr.
337,Sandra Bullock|Robert Downey Jr.|Scarlett Johansson|Chris Hemsworth
338,Robert Downey Jr.|Scarlett Johansson|Chris Hemsworth|Harrison Ford|Morgan Freeman
339,Scarlett Johansson|Chris Hemsworth|Harrison Ford
340,Chris Hemsworth|Harrison Ford|Morgan Freeman|Jack Nicholson
341,Harrison Ford|Morgan Freeman|Jack Nicholson|Al Pacino|Marlon Brando
342,Morgan Freeman|Jack Nicholson|Al Pacino
343,Jack Nicholson|Al Pacino|Marlon Brando|Anthony Hopkins
344,Al Pacino|Marlon Brando|Anthony Hopkins|Viola Davis|Frances McDormand
345,Marlon Brando|Anthony Hopkins|Viola Davis
346,Anthony Hopkins|Viola Davis|Frances McDormand|Jennifer Lawrence
347,Viola Davis|Frances McDormand|Jennifer Lawrence|Michelle Yeoh|Austin Butler
348,Frances McDormand|Jennifer Lawrence|Michelle Yeoh
349,Jennifer Lawrence|Michelle Yeoh|Austin Butler|Saoirse Ronan
350,Michelle Yeoh|Austin Butler|Saoirse Ronan|Oscar Isaac|Timothée Chalamet
351,Austin Butler|Saoirse Ronan|Oscar Isaac
352,Saoirse Ronan|Oscar Isaac|Timothée Chalamet|Anya Taylor-Joy
353,Oscar Isaac|Timothée Chalamet|Anya Taylor-Joy|Adam Driver
354,Timothée Chalamet|Anya Taylor-Joy|Adam Driver
355,Anya Taylor-Joy|Adam Driver
356,Adam Driver
357,Tom Hanks|Meryl Streep|Denzel Washington
358,Meryl Streep|Denzel Washington|Cate Blanchett|Brad Pitt
359,Denzel Washington|Cate Blanchett|Brad Pitt|Angelina Jolie|Johnny Depp
360,Cate Blanchett|Brad Pitt|Angelina Jolie
361,Brad Pitt|Angelina Jolie|Johnny Depp|Leonardo DiCaprio
362,Angelina Jolie|Johnny Depp|Leonardo DiCaprio|Kate Winslet|Matt Damon
363,Johnny Depp|Leonardo DiCaprio|Kate Winslet
364,Leonardo DiCaprio|Kate Winslet|Matt Damon|Tom Cruise
365,Kate Winslet|Matt Damon|Tom Cruise|Will Smith|Keanu Reeves
366,Matt Damon|Tom Cruise|Will Smith
367,Tom Cruise|Will Smith|Keanu Reeves|Sandra Bullock
368,Will Smith|Keanu Reeves|Sandra Bullock|Robert Downey Jr.|Scarlett Johansson
369,Keanu Reeves|Sandra Bullock|Robert Downey Jr.
370,Sandra Bullock|Robert Downey Jr.|Scarlett Johansson|Chris Hemsworth
371,Robert Downey Jr.|Scarlett Johansson|Chris Hemsworth|Harrison Ford|Morgan Freeman
372,Scarlett Johansson|Chris Hemsworth|Harrison Ford
373,Chris Hemsworth|Harrison Ford|Morgan Freeman|Jack Nicholson
374,Harrison Ford|Morgan Freeman|Jack Nicholson|Al Pacino|Marlon Brando
375,Morgan Freeman|Jack Nicholson|Al Pacino
376,Jack Nicholson|Al Pacino|Marlon Brando|Anthony Hopkins
377,Al Pacino|Marlon Brando|Anthony Hopkins|Viola Davis|Frances McDormand
378,Marlon Brando|Anthony Hopkins|Viola Davis
379,Anthony Hopkins|Viola Davis|Frances McDormand|Jennifer Lawrence
380,Viola Davis|Frances McDormand|Jennifer Lawrence|Michelle Yeoh|Austin Butler
381,Frances McDormand|Jennifer Lawrence|Michelle Yeoh
382,Jennifer Lawrence|Michelle Yeoh|Austin Butler|Saoirse Ronan
383,Michelle Yeoh|Austin Butler|Saoirse Ronan|Oscar Isaac|Timothée Chalamet
384,Austin Butler|Saoirse Ronan|Oscar Isaac
385,Saoirse Ronan|Oscar Isaac|Timothée Chalamet|Anya Taylor-Joy
386,Oscar Isaac|Timothée Chalamet|Anya Taylor-Joy|Adam Driver
387,Timothée Chalamet|Anya Taylor-Joy|Adam Driver
388,Anya Taylor-Joy|Adam Driver
389,Adam Driver
390,Tom Hanks|Meryl Streep|Denzel Washington
391,Meryl Streep|Denzel Washington|Cate Blanchett|Brad Pitt
392,Denzel Washington|Cate Blanchett|Brad Pitt|Angelina Jolie|Johnny Depp
393,Cate Blanchett|Brad Pitt|Angelina Jolie
394,Brad Pitt|Angelina Jolie|Johnny Depp|Leonardo DiCaprio
395,Angelina Jolie|Johnny Depp|Leonardo DiCaprio|Kate Winslet|Matt Damon
396,Johnny Depp|Leonardo DiCaprio|Kate Winslet
397,Leonardo DiCaprio|Kate Winslet|Matt Damon|Tom Cruise
398,Kate Winslet|Matt Damon|Tom Cruise|Will Smith|Keanu Reeves
399,Matt Damon|Tom Cruise|Will Smith
400,Tom Cruise|Will Smith|Keanu Reeves|Sandra Bullock
401,Will Smith|Keanu Reeves|Sandra Bullock|Robert Downey Jr.|Scarlett Johansson
402,Keanu Reeves|Sandra Bullock|Robert Downey Jr.
403,Sandra Bullock|Robert Downey Jr.|Scarlett Johansson|Chris Hemsworth
404,Robert Downey Jr.|Scarlett Johansson|Chris Hemsworth|Harrison Ford|Morgan Freeman
405,Scarlett Johansson|Chris Hemsworth|Harrison Ford
406,Chris Hemsworth|Harrison Ford|Morgan Freeman|Jack Nicholson
407,Harrison Ford|Morgan Freeman|Jack Nicholson|Al Pacino|Marlon Brando
408,Morgan Freeman|Jack Nicholson|Al Pacino
409,Jack Nicholson|Al Pacino|Marlon Brando|Anthony Hopkins
410,Al Pacino|Marlon Brando|Anthony Hopkins|Viola Davis|Frances McDormand
411,Marlon Brando|Anthony Hopkins|Viola Davis
412,Anthony Hopkins|Viola Davis|Frances McDormand|Jennifer Lawrence
413,Viola Davis|Frances McDormand|Jennifer Lawrence|Michelle Yeoh|Austin Butler
414,Frances McDormand|Jennifer Lawrence|Michelle Yeoh
415,Jennifer Lawrence|Michelle Yeoh|Austin Butler|Saoirse Ronan
416,Michelle Yeoh|Austin Butler|Saoirse Ronan|Oscar Isaac|Timothée Chalamet
417,Austin Butler|Saoirse Ronan|Oscar Isaac
418,Saoirse Ronan|Oscar Isaac|Timothée Chalamet|Anya Taylor-Joy
419,Oscar Isaac|Timothée Chalamet|Anya Taylor-Joy|Adam Driver
420,Timothée Chalamet|Anya Taylor-Joy|Adam Driver
421,Anya Taylor-Joy|Adam Driver
422,Adam Driver
423,Tom Hanks|Meryl Streep|Denzel Washington
424,Meryl Streep|Denzel Washington|Cate Blanchett|Brad Pitt
425,Denzel Washington|Cate Blanchett|Brad Pitt|Angelina Jolie|Johnny Depp
426,Cate Blanchett|Brad Pitt|Angelina Jolie
427,Brad Pitt|Angelina Jolie|Johnny Depp|Leonardo DiCaprio
428,Angelina Jolie|Johnny Depp|Leonardo DiCaprio|Kate Winslet|Matt Damon
429,Johnny Depp|Leonardo DiCaprio|Kate Winslet
430,Leonardo DiCaprio|Kate Winslet|Matt Damon|Tom Cruise
431,Kate Winslet|Matt Damon|Tom Cruise|Will Smith|Keanu Reeves
432,Matt Damon|Tom Cruise|Will Smith
433,Tom Cruise|Will Smith|Keanu Reeves|Sandra Bullock
434,Will Smith|Keanu Reeves|Sandra Bullock|Robert Downey Jr.|Scarlett Johansson
435,Keanu Reeves|Sandra Bullock|Robert Downey Jr.
436,Sandra Bullock|Robert Downey Jr.|Scarlett Johansson|Chris Hemsworth
437,Robert Downey Jr.|Scarlett Johansson|Chris Hemsworth|Harrison Ford|Morgan Freeman
438,Scarlett Johansson|Chris Hemsworth|Harrison Ford
439,Chris Hemsworth|Harrison Ford|Morgan Freeman|Jack Nicholson
440,Harrison Ford|Morgan Freeman|Jack Nicholson|Al Pacino|Marlon Brando
441,Morgan Freeman|Jack Nicholson|Al Pacino
442,Jack Nicholson|Al Pacino|Marlon Brando|Anthony Hopkins
443,Al Pacino|Marlon Brando|Anthony Hopkins|Viola Davis|Frances McDormand
444,Marlon Brando|Anthony Hopkins|Viola Davis
445,Anthony Hopkins|Viola Davis|Frances McDormand|Jennifer Lawrence
446,Viola Davis|Frances McDormand|Jennifer Lawrence|Michelle Yeoh|Austin Butler
447,Frances McDormand|Jennifer Lawrence|Michelle Yeoh
448,Jennifer Lawrence|Michelle Yeoh|Austin Butler|Saoirse Ronan
449,Michelle Yeoh|Austin Butler|Saoirse Ronan|Oscar Isaac|Timothée Chalamet
450,Austin Butler|Saoirse Ronan|Oscar Isaac
451,Saoirse Ronan|Oscar Isaac|Timothée Chalamet|Anya Taylor-Joy
452,Oscar Isaac|Timothée Chalamet|Anya Taylor-Joy|Adam Driver
453,Timothée Chalamet|Anya Taylor-Joy|Adam Driver
454,Anya Taylor-Joy|Adam Driver
455,Adam Driver
456,Tom Hanks|Meryl Streep|Denzel Washington
457,Meryl Streep|Denzel Washington|Cate Blanchett|Brad Pitt
458,Denzel Washington|Cate Blanchett|Brad Pitt|Angelina Jolie|Johnny Depp
459,Cate Blanchett|Brad Pitt|Angelina Jolie
460,Brad Pitt|Angelina Jolie|Johnny Depp|Leonardo DiCaprio
461,Angelina Jolie|Johnny Depp|Leonardo DiCaprio|Kate Winslet|Matt Damon
462,Johnny Depp|Leonardo DiCaprio|Kate Winslet
463,Leonardo DiCaprio|Kate Winslet|Matt Damon|Tom Cruise
464,Kate Winslet|Matt Damon|Tom Cruise|Will Smith|Keanu Reeves
465,Matt Damon|Tom Cruise|Will Smith
466,Tom Cruise|Will Smith|Keanu Reeves|Sandra Bullock
467,Will Smith|Keanu Reeves|Sandra Bullock|Robert Downey Jr.|Scarlett Johansson
468,Keanu Reeves|Sandra Bullock|Robert Downey Jr.
469,Sandra Bullock|Robert Downey Jr.|Scarlett Johansson|Chris Hemsworth
470,Robert Downey Jr.|Scarlett Johansson|Chris Hemsworth|Harrison Ford|Morgan Freeman
471,Scarlett Johansson|Chris Hemsworth|Harrison Ford
472,Chris Hemsworth|Harrison Ford|Morgan Freeman|Jack Nicholson
473,Harrison Ford|Morgan Freeman|Jack Nicholson|Al Pacino|Marlon Brando
474,Morgan Freeman|Jack Nicholson|Al Pacino
475,Jack Nicholson|Al Pacino|Marlon Brando|Anthony Hopkins
476,Al Pacino|Marlon Brando|Anthony Hopkins|Viola Davis|Frances McDormand
477,Marlon Brando|Anthony Hopkins|Viola Davis
478,Anthony Hopkins|Viola Davis|Frances McDormand|Jennifer Lawrence
479,Viola Davis|Frances McDormand|Jennifer Lawrence|Michelle Yeoh|Austin Butler
480,Frances McDormand|Jennifer Lawrence|Michelle Yeoh
481,Jennifer Lawrence|Michelle Yeoh|Austin Butler|Saoirse Ronan
482,Michelle Yeoh|Austin Butler|Saoirse Ronan|Oscar Isaac|Timothée Chalamet
483,Austin Butler|Saoirse Ronan|Oscar Isaac
484,Saoirse Ronan|Oscar Isaac|Timothée Chalamet|Anya Taylor-Joy
485,Oscar Isaac|Timothée Chalamet|Anya Taylor-Joy|Adam Driver
486,Timothée Chalamet|Anya Taylor-Joy|Adam Driver
487,Anya Taylor-Joy|Adam Driver
488,Adam Driver
489,Tom Hanks|Meryl Streep|Denzel Washington
490,Meryl Streep|Denzel Washington|Cate Blanchett|Brad Pitt
491,Denzel Washington|Cate Blanchett|Brad Pitt|Angelina Jolie|Johnny Depp
492,Cate Blanchett|Brad Pitt|Angelina Jolie
493,Brad Pitt|Angelina Jolie|Johnny Depp|Leonardo DiCaprio
494,Angelina Jolie|Johnny Depp|Leonardo DiCaprio|Kate Winslet|Matt Damon
495,Johnny Depp|Leonardo DiCaprio|Kate Winslet
496,Leonardo DiCaprio|Kate Winslet|Matt Damon|Tom Cruise
497,Kate Winslet|Matt Damon|Tom Cruise|Will Smith|Keanu Reeves
498,Matt Damon|Tom Cruise|Will Smith
499,Tom Cruise|Will Smith|Keanu Reeves|Sandra Bullock
500,Will Smith|Keanu Reeves|Sandra Bullock|Robert Downey Jr.|Scarlett Johansson
501,Keanu Reeves|Sandra Bullock|Robert Downey Jr.
502,Sandra Bullock|Robert Downey Jr.|Scarlett Johansson|Chris Hemsworth
503,Robert Downey Jr.|Scarlett Johansson|Chris Hemsworth|Harrison Ford|Morgan Freeman
504,Scarlett Johansson|Chris Hemsworth|Harrison Ford
505,Chris Hemsworth|Harrison Ford|Morgan Freeman|Jack Nicholson
506,Harrison Ford|Morgan Freeman|Jack Nicholson|Al Pacino|Marlon Brando
507,Morgan Freeman|Jack Nicholson|Al Pacino
508,Jack Nicholson|Al Pacino|Marlon Brando|Anthony Hopkins
509,Al Pacino|Marlon Brando|Anthony Hopkins|Viola Davis|Frances McDormand
510,Marlon Brando|Anthony Hopkins|Viola Davis
511,Anthony Hopkins|Viola Davis|Frances McDormand|Jennifer Lawrence
512,Viola Davis|Frances McDormand|Jennifer Lawrence|Michelle Yeoh|Austin Butler
513,Frances McDormand|Jennifer Lawrence|Michelle Yeoh
514,Jennifer Lawrence|Michelle Yeoh|Austin Butler|Saoirse Ronan
515,Michelle Yeoh|Austin Butler|Saoirse Ronan|Oscar Isaac|Timothée Chalamet
516,Austin Butler|Saoirse Ronan|Oscar Isaac
517,Saoirse Ronan|Oscar Isaac|Timothée Chalamet|Anya Taylor-Joy
518,Oscar Isaac|Timothée Chalamet|Anya Taylor-Joy|Adam Driver
519,Timothée Chalamet|Anya Taylor-Joy|Adam Driver
520,Anya Taylor-Joy|Adam Driver
521,Adam Driver
522,Tom Hanks|Meryl Streep|Denzel Washington
523,Meryl Streep|Denzel Washington|Cate Blanchett|Brad Pitt
524,Denzel Washington|Cate Blanchett|Brad Pitt|Angelina Jolie|Johnny Depp
525,Cate Blanchett|Brad Pitt|Angelina Jolie
526,Brad Pitt|Angelina Jolie|Johnny Depp|Leonardo DiCaprio
527,Angelina Jolie|Johnny Depp|Leonardo DiCaprio|Kate Winslet|Matt Damon
528,Johnny Depp|Leonardo DiCaprio|Kate Winslet
529,Leonardo DiCaprio|Kate Winslet|Matt Damon|Tom Cruise
530,Kate Winslet|Matt Damon|Tom Cruise|Will Smith|Keanu Reeves
531,Matt Damon|Tom Cruise|Will Smith
532,Tom Cruise|Will Smith|Keanu Reeves|Sandra Bullock
533,Will Smith|Keanu Reeves|Sandra Bullock|Robert Downey Jr.|Scarlett Johansson
534,Keanu Reeves|Sandra Bullock|Robert Downey Jr.
535,Sandra Bullock|Robert Downey Jr.|Scarlett Johansson|Chris Hemsworth
536,Robert Downey Jr.|Scarlett Johansson|Chris Hemsworth|Harrison Ford|Morgan Freeman
537,Scarlett Johansson|Chris Hemsworth|Harrison Ford
538,Chris Hemsworth|Harrison Ford|Morgan Freeman|Jack Nicholson
539,Harrison Ford|Morgan Freeman|Jack Nicholson|Al Pacino|Marlon Brando
540,Morgan Freeman|Jack Nicholson|Al Pacino
541,Jack Nicholson|Al Pacino|Marlon Brando|Anthony Hopkins
542,Al Pacino|Marlon Brando|Anthony Hopkins|Viola Davis|Frances McDormand
543,Marlon Brando|Anthony Hopkins|Viola Davis
544,Anthony Hopkins|Viola Davis|Frances McDormand|Jennifer Lawrence
545,Viola Davis|Frances McDormand|Jennifer Lawrence|Michelle Yeoh|Austin Butler
546,Frances McDormand|Jennifer Lawrence|Michelle Yeoh
547,Jennifer Lawrence|Michelle Yeoh|Austin Butler|Saoirse Ronan
548,Michelle Yeoh|Austin Butler|Saoirse Ronan|Oscar Isaac|Timothée Chalamet
549,Austin Butler|Saoirse Ronan|Oscar Isaac
550,Saoirse Ronan|Oscar Isaac|Timothée Chalamet|Anya Taylor-Joy
551,Oscar Isaac|Timothée Chalamet|Anya Taylor-Joy|Adam Driver
552,Timothée Chalamet|Anya Taylor-Joy|Adam Driver
553,Anya Taylor-Joy|Adam Driver
554,Adam Driver
555,Tom Hanks|Meryl Streep|Denzel Washington
556,Meryl Streep|Denzel Washington|Cate Blanchett|Brad Pitt
557,Denzel Washington|Cate Blanchett|Brad Pitt|Angelina Jolie|Johnny Depp
558,Cate Blanchett|Brad Pitt|Angelina Jolie
559,Brad Pitt|Angelina Jolie|Johnny Depp|Leonardo DiCaprio
560,Angelina Jolie|Johnny Depp|Leonardo DiCaprio|Kate Winslet|Matt Damon
561,Johnny Depp|Leonardo DiCaprio|Kate Winslet
562,Leonardo DiCaprio|Kate Winslet|Matt Damon|Tom Cruise
563,Kate Winslet|Matt Damon|Tom Cruise|Will Smith|Keanu Reeves
564,Matt Damon|Tom Cruise|Will Smith
565,Tom Cruise|Will Smith|Keanu Reeves|Sandra Bullock
566,Will Smith|Keanu Reeves|Sandra Bullock|Robert Downey Jr.|Scarlett Johansson
567,Keanu Reeves|Sandra Bullock|Robert Downey Jr.
568,Sandra Bullock|Robert Downey Jr.|Scarlett Johansson|Chris Hemsworth
569,Robert Downey Jr.|Scarlett Johansson|Chris Hemsworth|Harrison Ford|Morgan Freeman
570,Scarlett Johansson|Chris Hemsworth|Harrison Ford
571,Chris Hemsworth|Harrison Ford|Morgan Freeman|Jack Nicholson
572,Harrison Ford|Morgan Freeman|Jack Nicholson|Al Pacino|Marlon Brando
573,Morgan Freeman|Jack Nicholson|Al Pacino
574,Jack Nicholson|Al Pacino|Marlon Brando|Anthony Hopkins
575,Al Pacino|Marlon Brando|Anthony Hopkins|Viola Davis|Frances McDormand
576,Marlon Brando|Anthony Hopkins|Viola Davis
577,Anthony Hopkins|Viola Davis|Frances McDormand|Jennifer Lawrence
578,Viola Davis|Frances McDormand|Jennifer Lawrence|Michelle Yeoh|Austin Butler
579,Frances McDormand|Jennifer Lawrence|Michelle Yeoh
580,Jennifer Lawrence|Michelle Yeoh|Austin Butler|Saoirse Ronan
581,Michelle Yeoh|Austin Butler|Saoirse Ronan|Oscar Isaac|Timothée Chalamet
582,Austin Butler|Saoirse Ronan|Oscar Isaac
583,Saoirse Ronan|Oscar Isaac|Timothée Chalamet|Anya Taylor-Joy
584,Oscar Isaac|Timothée Chalamet|Anya Taylor-Joy|Adam Driver
585,Timothée Chalamet|Anya Taylor-Joy|Adam Driver
586,Anya Taylor-Joy|Adam Driver
587,Adam Driver
588,Tom Hanks|Meryl Streep|Denzel Washington
589,Meryl Streep|Denzel Washington|Cate Blanchett|Brad Pitt
590,Denzel Washington|Cate Blanchett|Brad Pitt|Angelina Jolie|Johnny Depp
591,Cate Blanchett|Brad Pitt|Angelina Jolie
592,Brad Pitt|Angelina Jolie|Johnny Depp|Leonardo DiCaprio
593,Angelina Jolie|Johnny Depp|Leonardo DiCaprio|Kate Winslet|Matt Damon
594,Johnny Depp|Leonardo DiCaprio|Kate Winslet
595,Leonardo DiCaprio|Kate Winslet|Matt Damon|Tom Cruise
596,Kate Winslet|Matt Damon|Tom Cruise|Will Smith|Keanu Reeves
597,Matt Damon|Tom Cruise|Will Smith
598,Tom Cruise|Will Smith|Keanu Reeves|Sandra Bullock
599,Will Smith|Keanu Reeves|Sandra Bullock|Robert Downey Jr.|Scarlett Johansson
600,Keanu Reeves|Sandra Bullock|Robert Downey Jr.
601,Sandra Bullock|Robert Downey Jr.|Scarlett Johansson|Chris Hemsworth
602,Robert Downey Jr.|Scarlett Johansson|Chris Hemsworth|Harrison Ford|Morgan Freeman
603,Scarlett Johansson|Chris Hemsworth|Harrison Ford
604,Chris Hemsworth|Harrison Ford|Morgan Freeman|Jack Nicholson
605,Harrison Ford|Morgan Freeman|Jack Nicholson|Al Pacino|Marlon Brando
606,Morgan Freeman|Jack Nicholson|Al Pacino
607,Jack Nicholson|Al Pacino|Marlon Brando|Anthony Hopkins
608,Al Pacino|Marlon Brando|Anthony Hopkins|Viola Davis|Frances McDormand
609,Marlon Brando|Anthony Hopkins|Viola Davis
610,Anthony Hopkins|Viola Davis|Frances McDormand|Jennifer Lawrence
611,Viola Davis|Frances McDormand|Jennifer Lawrence|Michelle Yeoh|Austin Butler
612,Frances McDormand|Jennifer Lawrence|Michelle Yeoh
613,Jennifer Lawrence|Michelle Yeoh|Austin Butler|Saoirse Ronan
614,Michelle Yeoh|Austin Butler|Saoirse Ronan|Oscar Isaac|Timothée Chalamet
615,Austin Butler|Saoirse Ronan|Oscar Isaac
616,Saoirse Ronan|Oscar Isaac|Timothée Chalamet|Anya Taylor-Joy
617,Oscar Isaac|Timothée Chalamet|Anya Taylor-Joy|Adam Driver
618,Timothée Chalamet|Anya Taylor-Joy|Adam Driver
619,Anya Taylor-Joy|Adam Driver
620,Adam Driver
621,Tom Hanks|Meryl Streep|Denzel Washington
622,Meryl Streep|Denzel Washington|Cate Blanchett|Brad Pitt
623,Denzel Washington|Cate Blanchett|Brad Pitt|Angelina Jolie|Johnny Depp
624,Cate Blanchett|Brad Pitt|Angelina Jolie
625,Brad Pitt|Angelina Jolie|Johnny Depp|Leonardo DiCaprio
626,Angelina Jolie|Johnny Depp|Leonardo DiCaprio|Kate Winslet|Matt Damon
627,Johnny Depp|Leonardo DiCaprio|Kate Winslet
628,Leonardo DiCaprio|Kate Winslet|Matt Damon|Tom Cruise
629,Kate Winslet|Matt Damon|Tom Cruise|Will Smith|Keanu Reeves
630,Matt Damon|Tom Cruise|Will Smith
631,Tom Cruise|Will Smith|Keanu Reeves|Sandra Bullock
632,Will Smith|Keanu Reeves|Sandra Bullock|Robert Downey Jr.|Scarlett Johansson
633,Keanu Reeves|Sandra Bullock|Robert Downey Jr.
634,Sandra Bullock|Robert Downey Jr.|Scarlett Johansson|Chris Hemsworth
635,Robert Downey Jr.|Scarlett Johansson|Chris Hemsworth|Harrison Ford|Morgan Freeman
636,Scarlett Johansson|Chris Hemsworth|Harrison Ford
637,Chris Hemsworth|Harrison Ford|Morgan Freeman|Jack Nicholson
638,Harrison Ford|Morgan Freeman|Jack Nicholson|Al Pacino|Marlon Brando
639,Morgan Freeman|Jack Nicholson|Al Pacino
640,Jack Nicholson|Al Pacino|Marlon Brando|Anthony Hopkins
641,Al Pacino|Marlon Brando|Anthony Hopkins|Viola Davis|Frances McDormand
642,Marlon Brando|Anthony Hopkins|Viola Davis
643,Anthony Hopkins|Viola Davis|Frances McDormand|Jennifer Lawrence
644,Viola Davis|Frances McDormand|Jennifer Lawrence|Michelle Yeoh|Austin Butler
645,Frances McDormand|Jennifer Lawrence|Michelle Yeoh
646,Jennifer Lawrence|Michelle Yeoh|Austin Butler|Saoirse Ronan
647,Michelle Yeoh|Austin Butler|Saoirse Ronan|Oscar Isaac|Timothée Chalamet
648,Austin Butler|Saoirse Ronan|Oscar Isaac
649,Saoirse Ronan|Oscar Isaac|Timothée Chalamet|Anya Taylor-Joy
650,Oscar Isaac|Timothée Chalamet|Anya Taylor-Joy|Adam Driver
651,Timothée Chalamet|Anya Taylor-Joy|Adam Driver
652,Anya Taylor-Joy|Adam Driver
653,Adam Driver
654,Tom Hanks|Meryl Streep|Denzel Washington
655,Meryl Streep|Denzel Washington|Cate Blanchett|Brad Pitt
656,Denzel Washington|Cate Blanchett|Brad Pitt|Angelina Jolie|Johnny Depp
657,Cate Blanchett|Brad Pitt|Angelina Jolie
658,Brad Pitt|Angelina Jolie|Johnny Depp|Leonardo DiCaprio
659,Angelina Jolie|Johnny Depp|Leonardo DiCaprio|Kate Winslet|Matt Damon
660,Johnny Depp|Leonardo DiCaprio|Kate Winslet
661,Leonardo DiCaprio|Kate Winslet|Matt Damon|Tom Cruise
662,Kate Winslet|Matt Damon|Tom Cruise|Will Smith|Keanu Reeves
663,Matt Damon|Tom Cruise|Will Smith
664,Tom Cruise|Will Smith|Keanu Reeves|Sandra Bullock
665,Will Smith|Keanu Reeves|Sandra Bullock|Robert Downey Jr.|Scarlett Johansson
666,Keanu Reeves|Sandra Bullock|Robert Downey Jr.
667,Sandra Bullock|Robert Downey Jr.|Scarlett Johansson|Chris Hemsworth
668,Robert Downey Jr.|Scarlett Johansson|Chris Hemsworth|Harrison Ford|Morgan Freeman
669,Scarlett Johansson|Chris Hemsworth|Harrison Ford
670,Chris Hemsworth|Harrison Ford|Morgan Freeman|Jack Nicholson
671,Harrison Ford|Morgan Freeman|Jack Nicholson|Al Pacino|Marlon Brando
672,Morgan Freeman|Jack Nicholson|Al Pacino
673,Jack Nicholson|Al Pacino|Marlon Brando|Anthony Hopkins
674,Al Pacino|Marlon Brando|Anthony Hopkins|Viola Davis|Frances McDormand
675,Marlon Brando|Anthony Hopkins|Viola Davis
676,Anthony Hopkins|Viola Davis|Frances McDormand|Jennifer Lawrence
677,Viola Davis|Frances McDormand|Jennifer Lawrence|Michelle Yeoh|Austin Butler
678,Frances McDormand|Jennifer Lawrence|Michelle Yeoh
679,Jennifer Lawrence|Michelle Yeoh|Austin Butler|Saoirse Ronan
680,Michelle Yeoh|Austin Butler|Saoirse Ronan|Oscar Isaac|Timothée Chalamet
681,Austin Butler|Saoirse Ronan|Oscar Isaac
682,Saoirse Ronan|Oscar Isaac|Timothée Chalamet|Anya Taylor-Joy
683,Oscar Isaac|Timothée Chalamet|Anya Taylor-Joy|Adam Driver
684,Timothée Chalamet|Anya Taylor-Joy|Adam Driver
685,Anya Taylor-Joy|Adam Driver
686,Adam Driver
687,Tom Hanks|Meryl Streep|Denzel Washington
688,Meryl Streep|Denzel Washington|Cate Blanchett|Brad Pitt
689,Denzel Washington|Cate Blanchett|Brad Pitt|Angelina Jolie|Johnny Depp
690,Cate Blanchett|Brad Pitt|Angelina Jolie
691,Brad Pitt|Angelina Jolie|Johnny Depp|Leonardo DiCaprio
692,Angelina Jolie|Johnny Depp|Leonardo DiCaprio|Kate Winslet|Matt Damon
693,Johnny Depp|Leonardo DiCaprio|Kate Winslet
694,Leonardo DiCaprio|Kate Winslet|Matt Damon|Tom Cruise
695,Kate Winslet|Matt Damon|Tom Cruise|Will Smith|Keanu Reeves
696,Matt Damon|Tom Cruise|Will Smith
697,Tom Cruise|Will Smith|Keanu Reeves|Sandra Bullock
698,Will Smith|Keanu Reeves|Sandra Bullock|Robert Downey Jr.|Scarlett Johansson
699,Keanu Reeves|Sandra Bullock|Robert Downey Jr.
700,Sandra Bullock|Robert Downey Jr.|Scarlett Johansson|Chris Hemsworth
701,Robert Downey Jr.|Scarlett Johansson|Chris Hemsworth|Harrison Ford|Morgan Freeman
702,Scarlett Johansson|Chris Hemsworth|Harrison Ford
703,Chris Hemsworth|Harrison Ford|Morgan Freeman|Jack Nicholson
704,Harrison Ford|Morgan Freeman|Jack Nicholson|Al Pacino|Marlon Brando
705,Morgan Freeman|Jack Nicholson|Al Pacino
706,Jack Nicholson|Al Pacino|Marlon Brando|Anthony Hopkins
707,Al Pacino|Marlon Brando|Anthony Hopkins|Viola Davis|Frances McDormand
708,Marlon Brando|Anthony Hopkins|Viola Davis
709,Anthony Hopkins|Viola Davis|Frances McDormand|Jennifer Lawrence
710,Viola Davis|Frances McDormand|Jennifer Lawrence|Michelle Yeoh|Austin Butler
711,Frances McDormand|Jennifer Lawrence|Michelle Yeoh
712,Jennifer Lawrence|Michelle Yeoh|Austin Butler|Saoirse Ronan
713,Michelle Yeoh|Austin Butler|Saoirse Ronan|Oscar Isaac|Timothée Chalamet
714,Austin Butler|Saoirse Ronan|Oscar Isaac
715,Saoirse Ronan|Oscar Isaac|Timothée Chalamet|Anya Taylor-Joy
716,Oscar Isaac|Timothée Chalamet|Anya Taylor-Joy|Adam Driver
717,Timothée Chalamet|Anya Taylor-Joy|Adam Driver
718,Anya Taylor-Joy|Adam Driver
719,Adam Driver
720,Tom Hanks|Meryl Streep|Denzel Washington
721,Meryl Streep|Denzel Washington|Cate Blanchett|Brad Pitt
722,Denzel Washington|Cate Blanchett|Brad Pitt|Angelina Jolie|Johnny Depp
723,Cate Blanchett|Brad Pitt|Angelina Jolie
724,Brad Pitt|Angelina Jolie|Johnny Depp|Leonardo DiCaprio
725,Angelina Jolie|Johnny Depp|Leonardo DiCaprio|Kate Winslet|Matt Damon
726,Johnny Depp|Leonardo DiCaprio|Kate Winslet
727,Leonardo DiCaprio|Kate Winslet|Matt Damon|Tom Cruise
728,Kate Winslet|Matt Damon|Tom Cruise|Will Smith|Keanu Reeves
729,Matt Damon|Tom Cruise|Will Smith
730,Tom Cruise|Will Smith|Keanu Reeves|Sandra Bullock
731,Will Smith|Keanu Reeves|Sandra Bullock|Robert Downey Jr.|Scarlett Johansson
732,Keanu Reeves|Sandra Bullock|Robert Downey Jr.
733,Sandra Bullock|Robert Downey Jr.|Scarlett Johansson|Chris Hemsworth
734,Robert Downey Jr.|Scarlett Johansson|Chris Hemsworth|Harrison Ford|Morgan Freeman
735,Scarlett Johansson|Chris Hemsworth|Harrison Ford
736,Chris Hemsworth|Harrison Ford|Morgan Freeman|Jack Nicholson
737,Harrison Ford|Morgan Freeman|Jack Nicholson|Al Pacino|Marlon Brando
738,Morgan Freeman|Jack Nicholson|Al Pacino
739,Jack Nicholson|Al Pacino|Marlon Brando|Anthony Hopkins
740,Al Pacino|Marlon Brando|Anthony Hopkins|Viola Davis|Frances McDormand
741,Marlon Brando|Anthony Hopkins|Viola Davis
742,Anthony Hopkins|Viola Davis|Frances McDormand|Jennifer Lawrence
743,Viola Davis|Frances McDormand|Jennifer Lawrence|Michelle Yeoh|Austin Butler
744,Frances McDormand|Jennifer Lawrence|Michelle Yeoh
745,Jennifer Lawrence|Michelle Yeoh|Austin Butler|Saoirse Ronan
746,Michelle Yeoh|Austin Butler|Saoirse Ronan|Oscar Isaac|Timothée Chalamet
747,Austin Butler|Saoirse Ronan|Oscar Isaac
748,Saoirse Ronan|Oscar Isaac|Timothée Chalamet|Anya Taylor-Joy
749,Oscar Isaac|Timothée Chalamet|Anya Taylor-Joy|Adam Driver
750,Timothée Chalamet|Anya Taylor-Joy|Adam Driver
751,Anya Taylor-Joy|Adam Driver
752,Adam Driver
753,Tom Hanks|Meryl Streep|Denzel Washington
754,Meryl Streep|Denzel Washington|Cate Blanchett|Brad Pitt
755,Denzel Washington|Cate Blanchett|Brad Pitt|Angelina Jolie|Johnny Depp
756,Cate Blanchett|Brad Pitt|Angelina Jolie
757,Brad Pitt|Angelina Jolie|Johnny Depp|Leonardo DiCaprio
758,Angelina Jolie|Johnny Depp|Leonardo DiCaprio|Kate Winslet|Matt Damon
759,Johnny Depp|Leonardo DiCaprio|Kate Winslet
760,Leonardo DiCaprio|Kate Winslet|Matt Damon|Tom Cruise
761,Kate Winslet|Matt Damon|Tom Cruise|Will Smith|Keanu Reeves
762,Matt Damon|Tom Cruise|Will Smith
763,Tom Cruise|Will Smith|Keanu Reeves|Sandra Bullock
764,Will Smith|Keanu Reeves|Sandra Bullock|Robert Downey Jr.|Scarlett Johansson
765,Keanu Reeves|Sandra Bullock|Robert Downey Jr.
766,Sandra Bullock|Robert Downey Jr.|Scarlett Johansson|Chris Hemsworth
767,Robert Downey Jr.|Scarlett Johansson|Chris Hemsworth|Harrison Ford|Morgan Freeman
768,Scarlett Johansson|Chris Hemsworth|Harrison Ford
769,Chris Hemsworth|Harrison Ford|Morgan Freeman|Jack Nicholson
770,Harrison Ford|Morgan Freeman|Jack Nicholson|Al Pacino|Marlon Brando
771,Morgan Freeman|Jack Nicholson|Al Pacino
772,Jack Nicholson|Al Pacino|Marlon Brando|Anthony Hopkins
773,Al Pacino|Marlon Brando|Anthony Hopkins|Viola Davis|Frances McDormand
774,Marlon Brando|Anthony Hopkins|Viola Davis
775,Anthony Hopkins|Viola Davis|Frances McDormand|Jennifer Lawrence
776,Viola Davis|Frances McDormand|Jennifer Lawrence|Michelle Yeoh|Austin Butler
777,Frances McDormand|Jennifer Lawrence|Michelle Yeoh
778,Jennifer Lawrence|Michelle Yeoh|Austin Butler|Saoirse Ronan
779,Michelle Yeoh|Austin Butler|Saoirse Ronan|Oscar Isaac|Timothée Chalamet
780,Austin Butler|Saoirse Ronan|Oscar Isaac
781,Saoirse Ronan|Oscar Isaac|Timothée Chalamet|Anya Taylor-Joy
782,Oscar Isaac|Timothée Chalamet|Anya Taylor-Joy|Adam Driver
783,Timothée Chalamet|Anya Taylor-Joy|Adam Driver
784,Anya Taylor-Joy|Adam Driver
785,Adam Driver
786,Tom Hanks|Meryl Streep|Denzel Washington
787,Meryl Streep|Denzel Washington|Cate Blanchett|Brad Pitt
788,Denzel Washington|Cate Blanchett|Brad Pitt|Angelina Jolie|Johnny Depp
789,Cate Blanchett|Brad Pitt|Angelina Jolie
790,Brad Pitt|Angelina Jolie|Johnny Depp|Leonardo DiCaprio
791,Angelina Jolie|Johnny Depp|Leonardo DiCaprio|Kate Winslet|Matt Damon
792,Johnny Depp|Leonardo DiCaprio|Kate Winslet
793,Leonardo DiCaprio|Kate Winslet|Matt Damon|Tom Cruise
794,Kate Winslet|Matt Damon|Tom Cruise|Will Smith|Keanu Reeves
795,Matt Damon|Tom Cruise|Will Smith
796,Tom Cruise|Will Smith|Keanu Reeves|Sandra Bullock
797,Will Smith|Keanu Reeves|Sandra Bullock|Robert Downey Jr.|Scarlett Johansson
798,Keanu Reeves|Sandra Bullock|Robert Downey Jr.
799,Sandra Bullock|Robert Downey Jr.|Scarlett Johansson|Chris Hemsworth
800,Robert Downey Jr.|Scarlett Johansson|Chris Hemsworth|Harrison Ford|Morgan Freeman
801,Scarlett Johansson|Chris Hemsworth|Harrison Ford
802,Chris Hemsworth|Harrison Ford|Morgan Freeman|Jack Nicholson
803,Harrison Ford|Morgan Freeman|Jack Nicholson|Al Pacino|Marlon Brando
804,Morgan Freeman|Jack Nicholson|Al Pacino
805,Jack Nicholson|Al Pacino|Marlon Brando|Anthony Hopkins
806,Al Pacino|Marlon Brando|Anthony Hopkins|Viola Davis|Frances McDormand
807,Marlon Brando|Anthony Hopkins|Viola Davis
808,Anthony Hopkins|Viola Davis|Frances McDormand|Jennifer Lawrence
809,Viola Davis|Frances McDormand|Jennifer Lawrence|Michelle Yeoh|Austin Butler
810,Frances McDormand|Jennifer Lawrence|Michelle Yeoh
811,Jennifer Lawrence|Michelle Yeoh|Austin Butler|Saoirse Ronan
812,Michelle Yeoh|Austin Butler|Saoirse Ronan|Oscar Isaac|Timothée Chalamet
813,Austin Butler|Saoirse Ronan|Oscar Isaac
814,Saoirse Ronan|Oscar Isaac|Timothée Chalamet|Anya Taylor-Joy
815,Oscar Isaac|Timothée Chalamet|Anya Taylor-Joy|Adam Driver
816,Timothée Chalamet|Anya Taylor-Joy|Adam Driver
817,Anya Taylor-Joy|Adam Driver
818,Adam Driver
819,Tom Hanks|Meryl Streep|Denzel Washington
820,Meryl Streep|Denzel Washington|Cate Blanchett|Brad Pitt
821,Denzel Washington|Cate Blanchett|Brad Pitt|Angelina Jolie|Johnny Depp
822,Cate Blanchett|Brad Pitt|Angelina Jolie
823,Brad Pitt|Angelina Jolie|Johnny Depp|Leonardo DiCaprio
824,Angelina Jolie|Johnny Depp|Leonardo DiCaprio|Kate Winslet|Matt Damon
825,Johnny Depp|Leonardo DiCaprio|Kate Winslet
826,Leonardo DiCaprio|Kate Winslet|Matt Damon|Tom Cruise
827,Kate Winslet|Matt Damon|Tom Cruise|Will Smith|Keanu Reeves
828,Matt Damon|Tom Cruise|Will Smith
829,Tom Cruise|Will Smith|Keanu Reeves|Sandra Bullock
830,Will Smith|Keanu Reeves|Sandra Bullock|Robert Downey Jr.|Scarlett Johansson
831,Keanu Reeves|Sandra Bullock|Robert Downey Jr.
832,Sandra Bullock|Robert Downey Jr.|Scarlett Johansson|Chris Hemsworth
833,Robert Downey Jr.|Scarlett Johansson|Chris Hemsworth|Harrison Ford|Morgan Freeman
834,Scarlett Johansson|Chris Hemsworth|Harrison Ford
835,Chris Hemsworth|Harrison Ford|Morgan Freeman|Jack Nicholson
836,Harrison Ford|Morgan Freeman|Jack Nicholson|Al Pacino|Marlon Brando
837,Morgan Freeman|Jack Nicholson|Al Pacino
838,Jack Nicholson|Al Pacino|Marlon Brando|Anthony Hopkins
839,Al Pacino|Marlon Brando|Anthony Hopkins|Viola Davis|Frances McDormand
840,Marlon Brando|Anthony Hopkins|Viola Davis
841,Anthony Hopkins|Viola Davis|Frances McDormand|Jennifer Lawrence
842,Viola Davis|Frances McDormand|Jennifer Lawrence|Michelle Yeoh|Austin Butler
843,Frances McDormand|Jennifer Lawrence|Michelle Yeoh
844,Jennifer Lawrence|Michelle Yeoh|Austin Butler|Saoirse Ronan
845,Michelle Yeoh|Austin Butler|Saoirse Ronan|Oscar Isaac|Timothée Chalamet
846,Austin Butler|Saoirse Ronan|Oscar Isaac
847,Saoirse Ronan|Oscar Isaac|Timothée Chalamet|Anya Taylor-Joy
848,Oscar Isaac|Timothée Chalamet|Anya Taylor-Joy|Adam Driver
849,Timothée Chalamet|Anya Taylor-Joy|Adam Driver
850,Anya Taylor-Joy|Adam Driver
851,Adam Driver
852,Tom Hanks|Meryl Streep|Denzel Washington
853,Meryl Streep|Denzel Washington|Cate Blanchett|Brad Pitt
854,Denzel Washington|Cate Blanchett|Brad Pitt|Angelina Jolie|Johnny Depp
855,Cate Blanchett|Brad Pitt|Angelina Jolie
856,Brad Pitt|Angelina Jolie|Johnny Depp|Leonardo DiCaprio
857,Angelina Jolie|Johnny Depp|Leonardo DiCaprio|Kate Winslet|Matt Damon
858,Johnny Depp|Leonardo DiCaprio|Kate Winslet
859,Leonardo DiCaprio|Kate Winslet|Matt Damon|Tom Cruise
860,Kate Winslet|Matt Damon|Tom Cruise|Will Smith|Keanu Reeves
861,Matt Damon|Tom Cruise|Will Smith
862,Tom Cruise|Will Smith|Keanu Reeves|Sandra Bullock
863,Will Smith|Keanu Reeves|Sandra Bullock|Robert Downey Jr.|Scarlett Johansson
864,Keanu Reeves|Sandra Bullock|Robert Downey Jr.
865,Sandra Bullock|Robert Downey Jr.|Scarlett Johansson|Chris Hemsworth
866,Robert Downey Jr.|Scarlett Johansson|Chris Hemsworth|Harrison Ford|Morgan Freeman
867,Scarlett Johansson|Chris Hemsworth|Harrison Ford
868,Chris Hemsworth|Harrison Ford|Morgan Freeman|Jack Nicholson
869,Harrison Ford|Morgan Freeman|Jack Nicholson|Al Pacino|Marlon Brando
870,Morgan Freeman|Jack Nicholson|Al Pacino
871,Jack Nicholson|Al Pacino|Marlon Brando|Anthony Hopkins
872,Al Pacino|Marlon Brando|Anthony Hopkins|Viola Davis|Frances McDormand
873,Marlon Brando|Anthony Hopkins|Viola Davis
874,Anthony Hopkins|Viola Davis|Frances McDormand|Jennifer Lawrence
875,Viola Davis|Frances McDormand|Jennifer Lawrence|Michelle Yeoh|Austin Butler
876,Frances McDormand|Jennifer Lawrence|Michelle Yeoh
877,Jennifer Lawrence|Michelle Yeoh|Austin Butler|Saoirse Ronan
878,Michelle Yeoh|Austin Butler|Saoirse Ronan|Oscar Isaac|Timothée Chalamet
879,Austin Butler|Saoirse Ronan|Oscar Isaac
880,Saoirse Ronan|Oscar Isaac|Timothée Chalamet|Anya Taylor-Joy
881,Oscar Isaac|Timothée Chalamet|Anya Taylor-Joy|Adam Driver
882,Timothée Chalamet|Anya Taylor-Joy|Adam Driver
883,Anya Taylor-Joy|Adam Driver
884,Adam Driver
885,Tom Hanks|Meryl Streep|Denzel Washington
886,Meryl Streep|Denzel Washington|Cate Blanchett|Brad Pitt
887,Denzel Washington|Cate Blanchett|Brad Pitt|Angelina Jolie|Johnny Depp
888,Cate Blanchett|Brad Pitt|Angelina Jolie
889,Brad Pitt|Angelina Jolie|Johnny Depp|Leonardo DiCaprio
890,Angelina Jolie|Johnny Depp|Leonardo DiCaprio|Kate Winslet|Matt Damon
891,Johnny Depp|Leonardo DiCaprio|Kate Winslet
892,Leonardo DiCaprio|Kate Winslet|Matt Damon|Tom Cruise
893,Kate Winslet|Matt Damon|Tom Cruise|Will Smith|Keanu Reeves
894,Matt Damon|Tom Cruise|Will Smith
895,Tom Cruise|Will Smith|Keanu Reeves|Sandra Bullock
896,Will Smith|Keanu Reeves|Sandra Bullock|Robert Downey Jr.|Scarlett Johansson
897,Keanu Reeves|Sandra Bullock|Robert Downey Jr.
898,Sandra Bullock|Robert Downey Jr.|Scarlett Johansson|Chris Hemsworth
899,Robert Downey Jr.|Scarlett Johansson|Chris Hemsworth|Harrison Ford|Morgan Freeman
900,Scarlett Johansson|Chris Hemsworth|Harrison Ford
901,Chris Hemsworth|Harrison Ford|Morgan Freeman|Jack Nicholson
902,Harrison Ford|Morgan Freeman|Jack Nicholson|Al Pacino|Marlon Brando
903,Morgan Freeman|Jack Nicholson|Al Pacino
904,Jack Nicholson|Al Pacino|Marlon Brando|Anthony Hopkins
905,Al Pacino|Marlon Brando|Anthony Hopkins|Viola Davis|Frances McDormand
906,Marlon Brando|Anthony Hopkins|Viola Davis
907,Anthony Hopkins|Viola Davis|Frances McDormand|Jennifer Lawrence
908,Viola Davis|Frances McDormand|Jennifer Lawrence|Michelle Yeoh|Austin Butler
909,Frances McDormand|Jennifer Lawrence|Michelle Yeoh
910,Jennifer Lawrence|Michelle Yeoh|Austin Butler|Saoirse Ronan
911,Michelle Yeoh|Austin Butler|Saoirse Ronan|Oscar Isaac|Timothée Chalamet
912,Austin Butler|Saoirse Ronan|Oscar Isaac
913,Saoirse Ronan|Oscar Isaac|Timothée Chalamet|Anya Taylor-Joy
914,Oscar Isaac|Timothée Chalamet|Anya Taylor-Joy|Adam Driver
915,Timothée Chalamet|Anya Taylor-Joy|Adam Driver
916,Anya Taylor-Joy|Adam Driver
917,Adam Driver
918,Tom Hanks|Meryl Streep|Denzel Washington
919,Meryl Streep|Denzel Washington|Cate Blanchett|Brad Pitt
920,Denzel Washington|Cate Blanchett|Brad Pitt|Angelina Jolie|Johnny Depp
921,Cate Blanchett|Brad Pitt|Angelina Jolie
922,Brad Pitt|Angelina Jolie|Johnny Depp|Leonardo DiCaprio
923,Angelina Jolie|Johnny Depp|Leonardo DiCaprio|Kate Winslet|Matt Damon
924,Johnny Depp|Leonardo DiCaprio|Kate Winslet
925,Leonardo DiCaprio|Kate Winslet|Matt Damon|Tom Cruise
926,Kate Winslet|Matt Damon|Tom Cruise|Will Smith|Keanu Reeves
927,Matt Damon|Tom Cruise|Will Smith
928,Tom Cruise|Will Smith|Keanu Reeves|Sandra Bullock
929,Will Smith|Keanu Reeves|Sandra Bullock|Robert Downey Jr.|Scarlett Johansson
930,Keanu Reeves|Sandra Bullock|Robert Downey Jr.
931,Sandra Bullock|Robert Downey Jr.|Scarlett Johansson|Chris Hemsworth
932,Robert Downey Jr.|Scarlett Johansson|Chris Hemsworth|Harrison Ford|Morgan Freeman
933,Scarlett Johansson|Chris Hemsworth|Harrison Ford
934,Chris Hemsworth|Harrison Ford|Morgan Freeman|Jack Nicholson
935,Harrison Ford|Morgan Freeman|Jack Nicholson|Al Pacino|Marlon Brando
936,Morgan Freeman|Jack Nicholson|Al Pacino
937,Jack Nicholson|Al Pacino|Marlon Brando|Anthony Hopkins
938,Al Pacino|Marlon Brando|Anthony Hopkins|Viola Davis|Frances McDormand
939,Marlon Brando|Anthony Hopkins|Viola Davis
940,Anthony Hopkins|Viola Davis|Frances McDormand|Jennifer Lawrence
941,Viola Davis|Frances McDormand|Jennifer Lawrence|Michelle Yeoh|Austin Butler
942,Frances McDormand|Jennifer Lawrence|Michelle Yeoh
943,Jennifer Lawrence|Michelle Yeoh|Austin Butler|Saoirse Ronan
944,Michelle Yeoh|Austin Butler|Saoirse Ronan|Oscar Isaac|Timothée Chalamet
945,Austin Butler|Saoirse Ronan|Oscar Isaac
946,Saoirse Ronan|Oscar Isaac|Timothée Chalamet|Anya Taylor-Joy
947,Oscar Isaac|Timothée Chalamet|Anya Taylor-Joy|Adam Driver
948,Timothée Chalamet|Anya Taylor-Joy|Adam Driver
949,Anya Taylor-Joy|Adam Driver
950,Adam Driver
951,Tom Hanks|Meryl Streep|Denzel Washington
952,Meryl Streep|Denzel Washington|Cate Blanchett|Brad Pitt
953,Denzel Washington|Cate Blanchett|Brad Pitt|Angelina Jolie|Johnny Depp
954,Cate Blanchett|Brad Pitt|Angelina Jolie
955,Brad Pitt|Angelina Jolie|Johnny Depp|Leonardo DiCaprio
956,Angelina Jolie|Johnny Depp|Leonardo DiCaprio|Kate Winslet|Matt Damon
957,Johnny Depp|Leonardo DiCaprio|Kate Winslet
958,Leonardo DiCaprio|Kate Winslet|Matt Damon|Tom Cruise
959,Kate Winslet|Matt Damon|Tom Cruise|Will Smith|Keanu Reeves
960,Matt Damon|Tom Cruise|Will Smith
961,Tom Cruise|Will Smith|Keanu Reeves|Sandra Bullock
962,Will Smith|Keanu Reeves|Sandra Bullock|Robert Downey Jr.|Scarlett Johansson
963,Keanu Reeves|Sandra Bullock|Robert Downey Jr.
964,Sandra Bullock|Robert Downey Jr.|Scarlett Johansson|Chris Hemsworth
965,Robert Downey Jr.|Scarlett Johansson|Chris Hemsworth|Harrison Ford|Morgan Freeman
966,Scarlett Johansson|Chris Hemsworth|Harrison Ford
967,Chris Hemsworth|Harrison Ford|Morgan Freeman|Jack Nicholson
968,Harrison Ford|Morgan Freeman|Jack Nicholson|Al Pacino|Marlon Brando
969,Morgan Freeman|Jack Nicholson|Al Pacino
970,Jack Nicholson|Al Pacino|Marlon Brando|Anthony Hopkins
971,Al Pacino|Marlon Brando|Anthony Hopkins|Viola Davis|Frances McDormand
972,Marlon Brando|Anthony Hopkins|Viola Davis
973,Anthony Hopkins|Viola Davis|Frances McDormand|Jennifer Lawrence
974,Viola Davis|Frances McDormand|Jennifer Lawrence|Michelle Yeoh|Austin Butler
975,Frances McDormand|Jennifer Lawrence|Michelle Yeoh
976,Jennifer Lawrence|Michelle Yeoh|Austin Butler|Saoirse Ronan
977,Michelle Yeoh|Austin Butler|Saoirse Ronan|Oscar Isaac|Timothée Chalamet
978,Austin Butler|Saoirse Ronan|Oscar Isaac
979,Saoirse Ronan|Oscar Isaac|Timothée Chalamet|Anya Taylor-Joy
980,Oscar Isaac|Timothée Chalamet|Anya Taylor-Joy|Adam Driver
981,Timothée Chalamet|Anya Taylor-Joy|Adam Driver
982,Anya Taylor-Joy|Adam Driver
983,Adam Driver
984,Tom Hanks|Meryl Streep|Denzel Washington
985,Meryl Streep|Denzel Washington|Cate Blanchett|Brad Pitt
986,Denzel Washington|Cate Blanchett|Brad Pitt|Angelina Jolie|Johnny Depp
987,Cate Blanchett|Brad Pitt|Angelina Jolie
988,Brad Pitt|Angelina Jolie|Johnny Depp|Leonardo DiCaprio
989,Angelina Jolie|Johnny Depp|Leonardo DiCaprio|Kate Winslet|Matt Damon
990,Johnny Depp|Leonardo DiCaprio|Kate Winslet
991,Leonardo DiCaprio|Kate Winslet|Matt Damon|Tom Cruise
992,Kate Winslet|Matt Damon|Tom Cruise|Will Smith|Keanu Reeves
993,Matt Damon|Tom Cruise|Will Smith
994,Tom Cruise|Will Smith|Keanu Reeves|Sandra Bullock
995,Will Smith|Keanu Reeves|Sandra Bullock|Robert Downey Jr.|Scarlett Johansson
996,Keanu Reeves|Sandra Bullock|Robert Downey Jr.
997,Sandra Bullock|Robert Downey Jr.|Scarlett Johansson|Chris Hemsworth
998,Robert Downey Jr.|Scarlett Johansson|Chris Hemsworth|Harrison Ford|Morgan Freeman
999,Scarlett Johansson|Chris Hemsworth|Harrison Ford
